cost_phase,days,units,revenue,profit,avg_unit_cost,gross_margin
Post cost optimization,123,8517,1660815,721815.75,110.25,0.4346153846153846
Pre cost optimization,92,1723,335985,112511.9,129.7,0.33487179487179486
