model,forecast_units,forecast_revenue,forecast_profit,unit_mae,unit_rmse,revenue_mape,revenue_bias_pct
Basic,10083.0,1966185.0,822133.7250000001,19.009302325581395,28.551951833252524,0.4058138999670536,-0.01533203125
Advanced,15385.0,3000075.0,1238859.245,29.08372093023256,36.67703165692107,0.9010382736285416,0.50244140625
